condition,policy,review_fraction,residual_error_rate,accepted_risk,error_capture
clean,cap,0.049087309030733633,0.503970937023554,0.5299342394133113,0.07153208017385249
clean,frozen,0.44163488543258617,0.29329137870926203,0.544650770738842,0.45273689986739396
clean,random,0.049087309030733633,0.5031207559345569,0.5290423485760747,0.04939213411777482
random10,cap,0.049087309030733633,0.49425086960920783,0.5197139726555287,0.07248754599033262
random10,frozen,0.46516719720421634,0.26959768942826495,0.574239166404877,0.49530885159631904
random10,random,0.049087309030733633,0.49285639530107084,0.518249859226772,0.04919438592123475
size,cap,0.049087309030733633,0.4814286997406742,0.5062204553791215,0.059437401655812745
size,frozen,0.554816954393674,0.2371207181421077,0.5384140943244832,0.5506549329561955
size,random,0.049087309030733633,0.478794912310641,0.5034515344793006,0.04925234247448362
tcp,cap,0.049087309030733633,0.49594755051409556,0.5214857177270745,0.07354916699824589
tcp,frozen,0.4455835047320494,0.2854187029000295,0.540431935666198,0.4507056920403661
tcp,random,0.049087309030733633,0.49403622408177544,0.5194779630072817,0.04993519814701615
temporal,cap,0.049087309030733633,0.47249966931278453,0.4968379766837483,0.0722197182365775
temporal,frozen,0.44942945641971577,0.25283196122675566,0.4850972977444943,0.4787727152746117
temporal,random,0.049087309030733633,0.47229584485677545,0.49662503700645705,0.04953222104922499
temporal+tcp,cap,0.049087309030733633,0.4576084331969528,0.4811632007752846,0.07929792332263867
temporal+tcp,frozen,0.4590558720704137,0.23700049524971023,0.45655616282132166,0.4851094758941368
temporal+tcp,random,0.049087309030733633,0.4575847065627577,0.48114076599166933,0.04995241217819689
