source,target,policy,review_fraction,residual_error_rate
cic,ton,cap,0.0484077794400512,0.6541343117000309
cic,ton,frozen,0.6441191137707487,0.25630031345729143
cic,ton,random,0.0484077794400512,0.6469939564484339
cic,unsw,cap,0.0497264087549198,0.18715401107164573
cic,unsw,frozen,0.6209627958571993,0.07270833999978668
cic,unsw,random,0.0497264087549198,0.19482043241282945
ton,cic,cap,0.0490646537577945,0.3044456295810087
ton,cic,frozen,0.19561476680158985,0.2280009025270758
ton,cic,random,0.0490646537577945,0.307190816103271
ton,unsw,cap,0.0497264087549198,0.633139739528335
ton,unsw,frozen,0.26358356532590954,0.5359335167941293
ton,unsw,random,0.0497264087549198,0.6269092722366217
unsw,cic,cap,0.0491305774278215,0.46857000947798194
unsw,cic,frozen,0.5703318660688247,0.09426377041411489
unsw,cic,random,0.0491305774278215,0.4718781897054535
unsw,ton,cap,0.048468026048895,0.6582624580382668
unsw,ton,frozen,0.5210757624283833,0.388054102463732
unsw,ton,random,0.048468026048895,0.6508961721409677
