source,seed,augmented,model,rows,seconds
unsw,17,False,logistic,34872,0.2037099000008311
unsw,17,False,forest,34872,1.2206414999964181
unsw,17,True,logistic,69744,0.5202719000226352
unsw,17,True,forest,69744,3.1833625999861397
unsw,29,False,logistic,34872,0.2920027000072878
unsw,29,False,forest,34872,1.3135368000075687
unsw,29,True,logistic,69744,0.6289380000089295
unsw,29,True,forest,69744,5.7705276000197046
unsw,43,False,logistic,34872,0.4715788000030443
unsw,43,False,forest,34872,1.9147912999906112
unsw,43,True,logistic,69744,0.8397788000002038
unsw,43,True,forest,69744,4.181151700002374
