source,seed,variant,model,rows,seconds
unsw,17,clean,logistic,34872,0.18675160000566393
unsw,17,clean,forest,34872,0.888164300005883
unsw,17,repeat,logistic,69744,0.5166011000110302
unsw,17,repeat,forest,69744,1.9212920000136364
unsw,17,mask,logistic,69744,0.37417270001606084
unsw,17,mask,forest,69744,2.104477000015322
unsw,29,clean,logistic,34872,0.1713255999784451
unsw,29,clean,forest,34872,0.7456275000004098
unsw,29,repeat,logistic,69744,0.45513210000353865
unsw,29,repeat,forest,69744,1.8192539000010584
unsw,29,mask,logistic,69744,0.36392180001712404
unsw,29,mask,forest,69744,2.1574602000182495
unsw,43,clean,logistic,34872,0.20800740001141094
unsw,43,clean,forest,34872,0.8133391999872401
unsw,43,repeat,logistic,69744,0.44273989999783225
unsw,43,repeat,forest,69744,1.5579329000029247
unsw,43,mask,logistic,69744,0.4253725999733433
unsw,43,mask,forest,69744,2.854662500001723
ton,17,clean,logistic,7382,0.12736889999359846
ton,17,clean,forest,7382,0.31719210001756437
ton,17,repeat,logistic,14764,0.27776220001396723
ton,17,repeat,forest,14764,0.6142428000166547
ton,17,mask,logistic,14764,0.4041233000170905
ton,17,mask,forest,14764,0.7826939999940805
ton,29,clean,logistic,7382,0.1373815000115428
ton,29,clean,forest,7382,0.31596980002359487
ton,29,repeat,logistic,14764,0.2821834000060335
ton,29,repeat,forest,14764,0.5786249000229873
ton,29,mask,logistic,14764,0.402639799984172
ton,29,mask,forest,14764,0.7350352999928873
ton,43,clean,logistic,7382,0.15918149999924935
ton,43,clean,forest,7382,0.37054600002011284
ton,43,repeat,logistic,14764,0.36686310000368394
ton,43,repeat,forest,14764,0.7243282999843359
ton,43,mask,logistic,14764,0.31102829999872483
ton,43,mask,forest,14764,0.7489129000168759
cic,17,clean,logistic,40198,0.26292830001330003
cic,17,clean,forest,40198,1.307722500001546
cic,17,repeat,logistic,80396,0.5605571999913082
cic,17,repeat,forest,80396,2.6664848999935202
cic,17,mask,logistic,80396,1.397618400020292
cic,17,mask,forest,80396,3.453586199990241
cic,29,clean,logistic,40198,0.23337489998084493
cic,29,clean,forest,40198,1.604824300011387
cic,29,repeat,logistic,80396,0.6268578000017442
cic,29,repeat,forest,80396,3.5628158999898005
cic,29,mask,logistic,80396,1.6283185000065714
cic,29,mask,forest,80396,3.2125612999952864
cic,43,clean,logistic,40198,0.3051541000022553
cic,43,clean,forest,40198,1.1423675999976695
cic,43,repeat,logistic,80396,0.5687353999819607
cic,43,repeat,forest,80396,2.7921547000005376
cic,43,mask,logistic,80396,1.750337799981935
cic,43,mask,forest,80396,3.620068899996113
